﻿<?xml version="1.0" encoding="UTF-8" standalone="yes"?>
<addon id="repository.Ghost" name="[B][COLOR ghostwhite]Ghost[/COLOR] [COLOR FFA0A0A4]Repo[/COLOR][/B]" version="2.0.4" provider-name="Ghost">
	<extension point="xbmc.addon.repository" name="Ghost Repo">
		<info compressed="false">https://ghost-repo.de/Plugins/addons.xml</info>
		<checksum>https://ghost-repo.de/Plugins/addons.xml.md5</checksum>
		<datadir zip="true">https://ghost-repo.de/Plugins/</datadir>
	</extension>
	<extension point="xbmc.addon.metadata">
		<summary>[COLOR ghostwhite]Ghost[/COLOR] [COLOR FFA0A0A4]Repo[/COLOR]</summary>
		<description>[COLOR ghostwhite]Ghost[/COLOR] [COLOR FFA0A0A4]Repo[/COLOR]</description>
		<platform>all</platform>
	</extension>
</addon>


