<?xml version="1.0" encoding="UTF-8" standalone="yes"?>
<addon id="repository.repogtking" name="[B]Repo [COLOR dodgerblue]GTKING[/COLOR][/B]" version="2.7.5" provider-name="gtking">
       <extension point="xbmc.addon.repository" name="Repo GTKING">
              <info>https://raw.githubusercontent.com/gtkingbuild/Repo-GTKing/master/addons.xml</info>
              <checksum>https://raw.githubusercontent.com/gtkingbuild/Repo-GTKing/master/addons.xml.md5</checksum>
              <datadir zip="true">https://raw.githubusercontent.com/gtkingbuild/Repo-GTKing/master/</datadir>
       </extension>
       <extension point="xbmc.addon.metadata">
              <summary lang="en">Repo [COLOR dodgerblue]GTKING[/COLOR]</summary>
              <description lang="en">Repositorio de addons [COLOR dodgerblue]GTKING[/COLOR]</description>
              <disclaimer>Esta Repo recoge los addons que hay por la Red.</disclaimer>
              <platform>all</platform>
       </extension>
</addon>
