<?xml version="1.0" encoding="UTF-8" standalone="yes"?>
<addon id="repository.repogtking" name="[B]Repo [COLOR dodgerblue]GTKING[/COLOR][/B]" version="2.5.3" provider-name="gtkingbuild">
    <extension point="xbmc.addon.repository" name="Example Repository">
        <dir minversion="18.0" maxversion="18.9.0">
            <info compressed="false">https://raw.githubusercontent.com/gtkingbuild/Repo-GTKing/master/Leia/zips/addons.xml</info>
            <checksum>https://raw.githubusercontent.com/gtkingbuild/Repo-GTKing/master/Leia/zips/addons.xml.md5</checksum>
            <datadir zip="true">https://raw.githubusercontent.com/gtkingbuild/Repo-GTKing/master/Leia/zips/</datadir>
        </dir>
		<dir minversion="18.9.0">
		    <info compressed="false">https://raw.githubusercontent.com/gtkingbuild/Repo-GTKing/master/Leia/zips/addons.xml</info>
            <checksum>https://raw.githubusercontent.com/gtkingbuild/Repo-GTKing/master/Leia/zips/addons.xml.md5</checksum>
            <datadir zip="true">https://raw.githubusercontent.com/gtkingbuild/Repo-GTKing/master/Leia/zips/</datadir>
        </dir>
    </extension>
	
    <extension point="xbmc.addon.metadata">
        <summary lang="en">Repo [COLOR dodgerblue]GTKING[/COLOR]</summary>
        <description lang="en">Repositorio de addons [COLOR dodgerblue]GTKING[/COLOR]</description>
        <disclaimer>Esta Repo recoge los addons que hay por la Red.</disclaimer>
        <platform>all</platform>
        <assets>
            <icon>icon.png</icon>
            <fanart>fanart.jpg</fanart>
        </assets>
		<source>https://github.com/gtkingbuild/Repo-GTKing/</source>
    </extension>
</addon>