<?xml version="1.0" encoding="UTF-8" standalone="yes"?>
<addon id="resource.gtking" name="[COLOR dodgerblue]GTKing[/COLOR] [COLOR green]WIZARD[/COLOR]" version="4.1.2" provider-name="Manu, Josa, DavidZgZ y Sugea">
  <requires>
    <import addon="xbmc.python" version="3.0.0"/>
  </requires>
  <extension point="xbmc.python.pluginsource" library="default.py">
        <provides>executable</provides>
  </extension>
  <extension point="xbmc.service" library="startup.py" start="startup" />
  <extension point="xbmc.addon.metadata">
    <summary lang="en">Comprobador version Build y Parches de GTKing</summary>
    <description lang="en">Comprobador, version Build y Parches de [COLOR dodgerblue]GTKing[/COLOR]</description>
	<disclaimer lang="en">Nuevos cambios en la [B]Build [COLOR green]GTKing[/COLOR] [COLOR green]Prime[/COLOR][/B]</disclaimer>
    <platform>all</platform>
  </extension>
</addon>
