<?xml version="1.0" encoding="UTF-8" standalone="yes"?>
<addon id="plugin.program.gtking" name="GTKING [COLOR dodgerblue]WIZARD[/COLOR]" version="3.0.0" provider-name="Josa, Manu, DavidZgZ, Sugea, Mapache, Zalcos, Tete, Vicente">
	<requires>
    	<import addon="xbmc.python" version="3.0.0"/>
    	<import addon="script.module.requests" />
        <import addon="script.module.six" />
        <import addon="script.kodi.android.update" optional="true" version="1.1.7" />
	</requires>
	
	<extension point="xbmc.python.pluginsource" library="default.py">
    	<provides>executable</provides>
    </extension>
  
	<extension point="xbmc.service" library="startup.py" start="startup" />
  
	<extension point="xbmc.addon.metadata">
		<summary lang="es">GTKing [COLOR dodgerblue]WIZARD[/COLOR]</summary>
    	<description lang="es">Build GTKing Prime para Kodi 19.
- Testers: Mapache,Tete6776,Vicente,zalcos

- Telegram: [COLOR lime]t.me/beelinkking[/COLOR]</description>
		<platform>all</platform>
		<reuselanguageinvoker>false</reuselanguageinvoker>
        <source>https://www.github.com/a4k-openproject/plugin.program.openwizard/</source>
		<news>
- Build [COLOR dodgerblue]GTKing[/COLOR] [COLOR lime]Prime[/COLOR]
05/03/2021
Instalador actualizado a la versión 3.0.0
- Inciada la compatibilidad con Kodi 19.0 Matrix

06/11/2020
Instalador actualizado a la versión 2.2.5
- Añadido y editado de textos

15/10/2020
Instalador actualizado a la versión 2.2.4
- Cambios de textos al instalar la Build

05/10/2020
Instalador actualizado a la versión 2.2.3
- Cambios de textos al instalar la Build

28/09/2020
 Instalador actualizado a la versión 2.2.2
- Cambios de textos al instalar parche
 
  25/09/2020
  Instalador actualizado a la versión 2.2.1
- Editar textos

21/9/2020
- Instalador actualizado a la versión 2.2.0
- Mejoras de aspectos.
- Limpieza de Kodi automática al instalar la build GTKing Prime.
- Nuevos iconos en Menu de Ajustes.
		</news>
		<assets>
            <icon>icon.png</icon>
            <fanart>fanart.jpg</fanart>
        </assets>
    </extension>
</addon>
  </extension>
</addon>