<?xml version="1.0" encoding="UTF-8" standalone="yes"?>
<addon id="repository.repogtking" name="[B]Repo [COLOR dodgerblue]GTKING[/COLOR] [COLOR white]MATRIX[/COLOR][/B]" version="2.5" provider-name="gtkingbuild">
    <extension point="xbmc.addon.repository" name=name="[B]Repo [COLOR dodgerblue]GTKING[/COLOR] [COLOR white]MATRIX[/COLOR][/B]">
        <dir minversion="18.0" maxversion="18.9.0">
            <info compressed="false">https://raw.githubusercontent.com/gtkingbuild/Repo-GTKing/master/leia/zips/addons.xml</info>
            <checksum>https://raw.githubusercontent.com/gtkingbuild/Repo-GTKing/master/leia/zips/addons.xml.md5</checksum>
            <datadir zip="true">https://raw.githubusercontent.com/gtkingbuild/Repo-GTKing/master/leia/zips/</datadir>
        </dir>
        <dir minversion="18.9.0">
            <info compressed="false">https://raw.githubusercontent.com/gtkingbuild/Repo-GTKing/master/matrix/zips/addons.xml</info>
            <checksum>https://raw.githubusercontent.com/gtkingbuild/Repo-GTKing/master/matrix/zips/addons.xml.md5</checksum>
            <datadir zip="true">https://raw.githubusercontent.com/gtkingbuild/Repo-GTKing/master/matrix/zips/</datadir>
        </dir>
    </extension>
    
    <extension point="xbmc.addon.metadata">
        <summary>[COLOR limegreen][B]Repo[/B][/COLOR]GTKing</summary>
        <description>Repositorio [COLOR limegreen][B]Repo[/B][/COLOR]GTKing.</description>
        <disclaimer></disclaimer>
        <platform>all</platform>
        <assets>
            <icon>icon.png</icon>
            <fanart>fanart.jpg</fanart>
        </assets>
        <source>https://www.github.com/a4k-openproject/repository.openwizard/</source>
    </extension>
</addon>